Emp_code,Emp_name,Mobile_NO,Email,DOB,Intimation_type,
359633,VIVEK DAS K,7736758749,359633@manappuram.com,21-DEC-1993,Birthday,
11083,SANDHYA.T,9961861623,11083@manappuram.com,21-DEC-1984,Birthday,
378455,TASMIYA KHANAM,9449461033,1497kahas-holenarasipura@manappuram.com,21-DEC-1997,Birthday,
377114,PARMAR RAHULKUMAR LAXMANBHAI,9067975391,3520gtbnk-deesa@manappuram.com,21-DEC-1998,Birthday,
390211,SHIVRAJ SINGH GURJAR,7850016081,3523rjsaw-sawaimadhopur@manappuram.com,21-DEC-2002,Birthday,
375881,JADAV VAISHALI,9327956368,3527gjgnr-banksquare@manappuram.com,21-DEC-1999,Birthday,
358864,NIRANJAN L R,9866379985,3308apcht-chandragiri@manappuram.com,21-DEC-1996,Birthday,
385909,LIJO JOY,9072788170,ahernakulam-11@manappuram.com,21-DEC-2000,Birthday,
310671,KALAISELVI A,9080051939,ahvirudhnagar@manappuram.com,21-DEC-1994,Birthday,
23348,PADMA,9926908665,ahchattisgarh3@manappuram.com,21-DEC-1991,Birthday,
394284,ABHIRAM K P,9048102290,3026klmpm-calicutroad@manappuram.com,21-DEC-1999,Birthday,
348648,TILNA  PHILIP,7902396934,3134klidk-upputhara@manappuram.com,21-DEC-1997,Birthday,
388961,RAHUL MANDAL,8918786745,ahnirmal@manappuram.com,21-DEC-1998,Birthday,
388235,NIKHIL DINESH MINMINE,9503349092,ahkarjat@manappuram.com,21-DEC-2001,Birthday,
370402,MUTHUVEL,9159159890,ahannanagar@manappuram.com,21-DEC-1997,Birthday,
330864,NATARAJ K,9159744709,ahkarur-3@manappuram.com,21-DEC-1992,Birthday,
331109,KULDEEP PRATAP SINGH,9269478784,rm.jaipur@manappuram.com,21-DEC-1988,Birthday,
307740,KAUSHIK MONDAL,8345915889,fzm.kolkata@manappuram.com,21-DEC-1987,Birthday,
331109,KULDEEP PRATAP SINGH,9269478784,vigilance4@manappuram.com,21-DEC-1988,Birthday,
331109,KULDEEP PRATAP SINGH,9269478784,vigilance46@manappuram.com,21-DEC-1988,Birthday,
387460,RAKSHITHA A S,6363548191,0896kahas-hassan@manappuram.com,21-DEC-2000,Birthday,
364908,MANIKANDAN S,7092089890,0898tntry-evrroadtrichy@manappuram.com,21-DEC-2000,Birthday,
378723,RAHUL,7696445783,2599pbjld-urbunestate@manappuram.com,21-DEC-1998,Birthday,
389503,SAKTHIVEL S,9360624525,2693tnpdk-illupur@manappuram.com,21-DEC-1998,Birthday,
319017,PRIYANKA MONDAL,9007261333,2714wbcal-jessoreroad@manappuram.com,21-DEC-1995,Birthday,
23348,PADMA,9926908665,3403cgdur-powerhousechowk@manappuram.com,21-DEC-1991,Birthday,
343511,TARUN DAS,8972758318,3823odor-bhawanipatana@manappuram.com,21-DEC-1994,Birthday,
385395,LALIT KISHOR HARIYAL,9413484126,3834rjjod-aburoad@manappuram.com,21-DEC-1999,Birthday,
360984,SAISH PRAMOD NAIK,7338693529,2389kaukn-kajubaghmainroadkarwar@manappuram.com,21-DEC-1999,Birthday,
338861,RAHUL KUMAR SAXENA,9634325581,1917hrbwn-bhiwani@manappuram.com,21-DEC-1995,Birthday,
370829,NITESH  DOBRIYAL,8437387526,2882pbptl-leelabhavan@manappuram.com,21-DEC-1990,Birthday,
373448,ANURAG KUMAR SRIVASTAVA,8709545245,2930brnwd-dujra@manappuram.com,21-DEC-1993,Birthday,
393030,ARULSELVAN KUMAR,6381290648,2138tnerd-soolai@manappuram.com,21-DEC-1999,Birthday,
301317,SHRUTHI KB,9606165770,2162kamys-krishnarajanag@manappuram.com,21-DEC-1989,Birthday,
359169,LINA DEY,6290926103,2168wbhra-shibpur@manappuram.com,21-DEC-1991,Birthday,
371397,SRINIVAS,7732045195,2173apegv-yeleswaram@manappuram.com,21-DEC-1998,Birthday,
354559,HARSHDA VIJAY REWALE,9673508211,2533mhthn-lalchowkulhas@manappuram.com,21-DEC-1994,Birthday,
355593,SWATI  DUTTA,8509762781,1546wbnda-krishnanagar@manappuram.com,21-DEC-1998,Birthday,
385598,THOTLA MADHUKAR,9676824889,1549apkmr-godhavarikhani@manappuram.com,21-DEC-1998,Birthday,
320645,SHARMILA D,9629126339,1605tncbe-eachanari@manappuram.com,21-DEC-1989,Birthday,
330864,NATARAJ K,9159744709,1614tnkrrkaverinagarkulit@manappuram.com,21-DEC-1992,Birthday,
370589,SHIVARAJ M  ,8861418239,1208kadvg-chamarajpet@manappuram.com,21-DEC-1997,Birthday,
376835,NEETHU MOL PAINGADAN,9633692427,1315klmpm-vengara@manappuram.com,21-DEC-1997,Birthday,
388961,RAHUL MANDAL,8918786745,0578wbnpg-barasat@manappuram.com,21-DEC-1998,Birthday,
375049,DIKSHA SUBHASH GAIKWAD,7721944624,0789mhpna-yerwada@manappuram.com,21-DEC-1998,Birthday,
384462,ROHIT KAMLAKAR SHINGE,7798872682,0789mhpna-yerwada@manappuram.com,21-DEC-1999,Birthday,
353187,ANITA  ATULKAR,8839717519,0792mpbpl-raisenroad@manappuram.com,21-DEC-1993,Birthday,
46616,M D KALPANA,9480905753,0793tncni-northusmanroad@manappuram.com,21-DEC-1984,Birthday,
395537,DINESH D,7358352117,0813tncni-purasawalkam@manappuram.com,21-DEC-2001,Birthday,
383299,SHETHIYA MAHENDRA,9624011402,1168gjjmd-khodiyarjamna@manappuram.com,21-DEC-1997,Birthday,
388235,NIKHIL DINESH MINMINE,9503349092,0154mhthn-badlapur@manappuram.com,21-DEC-2001,Birthday,
382576,RISHABH PATEL,9981908911,1010mpidr-maharaniroad@manappuram.com,21-DEC-1999,Birthday,
378054,CHANPREET SINGH,9877051205,1058pbasr-hallbazaramrit@manappuram.com,21-DEC-1996,Birthday,
394873,SARATH S,9633243742,0702kltrm-kaniapuram@manappuram.com,21-DEC-1998,Birthday,
389796,SALINI  S,7994573312,0486klplk-para@manappuram.com,21-DEC-1998,Birthday,
310671,KALAISELVI A,9080051939,0500tnvrd-virudhnagar@manappuram.com,21-DEC-1994,Birthday,
379739,KONDUKA ANUPAMA,7659889223,0295apnzd-armur@manappuram.com,21-DEC-1997,Birthday,
391962,RAVADA ARAVIND,9177251813,0440apvsm-anakapalle@manappuram.com,21-DEC-2000,Birthday,
385208,ANKIT SAHA,9002354093,0482wbkol-gariamore@manappuram.com,21-DEC-2000,Birthday,
385909,LIJO JOY,9072788170,0369klenk-kothamangalam@manappuram.com,21-DEC-2000,Birthday,
370402,MUTHUVEL,9159159890,0022tncni-annanagar@manappuram.com,21-DEC-1997,Birthday,
396070,RUTHRAMOORTHI R,8681874417,0347tnthy-chatram@manappuram.com,21-DEC-2000,Birthday,
