Emp_code,Emp_name,MARRIAGE DATE,Mobile_NO,Email,TYPE OF OCCASSION,
17001,SUBITHA N S,21-DEC-1998,9656021159,17001@manappuram.com,WEDDING ANNIVERSARY,
16479,ANUPRIYA.C,21-DEC-2003,9744803853,ahkozhikode2@manappuram.com,WEDDING ANNIVERSARY,
85059,PALA SURESH,21-DEC-2016,9491447491,ahkarwar@manappuram.com,WEDDING ANNIVERSARY,
309512,DIVYA K,21-DEC-2011,9750019111,2685tncbe-samalapuram@manappuram.com,WEDDING ANNIVERSARY,
59387,USHA GHOSH,21-DEC-2000,9088928416,1125wbhgl-konnagar@manappuram.com,WEDDING ANNIVERSARY,
322004,TANUJA YOGESH DHANE,21-DEC-2011,9665563335,0729mhpna-bhosari@manappuram.com,WEDDING ANNIVERSARY,
85059,PALA SURESH,21-DEC-2016,9491447491,0372kaukn-karwar@manappuram.com,WEDDING ANNIVERSARY,
16479,ANUPRIYA.C,21-DEC-2003,9744803853,0014klkzk-vadakkara@manappuram.com,WEDDING ANNIVERSARY,
