Emp_code,Emp_name,JOIN_DATE,Mobile_NO,Email,TYPE_OF_OCCASSION,
360000,MANOJ KUMAR M,21-DEC-2020,8296083774,2778kakol-avenueroadkgf@manappuram.com,WORK ANNIVERSARY,
359979,PIYALI KARAN,21-DEC-2020,6296432509,1589wbnpg-basirahat@manappuram.com,WORK ANNIVERSARY,
359985,SARAVANAN MAYAKRISHNAN,21-DEC-2020,8526730150,1326tnsvg-karaikudi@manappuram.com,WORK ANNIVERSARY,
360019,KIRAN A S,21-DEC-2020,9632819805,1269kablr-kadugodi@manappuram.com,WORK ANNIVERSARY,
354978,SUHIN  S,21-DEC-2019,9994286371,0213tnkkm-kolachel@manappuram.com,WORK ANNIVERSARY,
360012,RAHUL KUMAR,21-DEC-2020,8804576941,1818mpjbp-labourchowk@manappuram.com,WORK ANNIVERSARY,
360005,SREEBHA  C,21-DEC-2020,9746894374,360005@manappuram.com,WORK ANNIVERSARY,
354985,ABHISHEK  V A,21-DEC-2019,8943553300,354985@manappuram.com,WORK ANNIVERSARY,
347335,VAISHANAVI VISHWANATH BANE,21-DEC-2018,7506545406,3539mhbmc-chembur@manappuram.com,WORK ANNIVERSARY,
347339,VENKATESH  K,21-DEC-2018,9972538243,0119apkrn-governerpetluru@manappuram.com,WORK ANNIVERSARY,
347333,AKHILA AJAYAGHOSH,21-DEC-2018,7593042032,0228klklm-ochira@manappuram.com,WORK ANNIVERSARY,
347341,DABBURI NAGALAKSHMI,21-DEC-2018,9553111356,1932apgtr-ramabuilding@manappuram.com,WORK ANNIVERSARY,
347340,SUDHAKAR K,21-DEC-2018,7092217760,1461tnpdk-pudukkottairoad@manappuram.com,WORK ANNIVERSARY,
354977,KIRAN KUMAR  PEGOLLA,21-DEC-2019,7799584543,0156apcht-chittoor@manappuram.com,WORK ANNIVERSARY,
347332,KAMESH  M,21-DEC-2018,9176425123,1290tncni-adayar@manappuram.com,WORK ANNIVERSARY,
347348,MALLOJJALA ANVESH,21-DEC-2018,9014412196,0209mhngp-ghittigarden@manappuram.com,WORK ANNIVERSARY,
347343,RAM DEV DHOLI,21-DEC-2018,9636116678,2452uplno-aashiyana@manappuram.com,WORK ANNIVERSARY,
354973,PUSPAK KUMAR SAHU,21-DEC-2019,9776147366,3932odor-chandabalibhadrak@manappuram.com,WORK ANNIVERSARY,
354979,RAJESH  KUMAR,21-DEC-2019,7206823009,1917hrbwn-bhiwani@manappuram.com,WORK ANNIVERSARY,
354983,KRISHNA KINKAR TALUKDAR,21-DEC-2019,8486851069,rm.assam@manappuram.com,WORK ANNIVERSARY,
354983,KRISHNA KINKAR TALUKDAR,21-DEC-2019,8486851069,3242askam-beltolatinali@manappuram.com,WORK ANNIVERSARY,
11073,NISHA.K,21-DEC-2006,9745334992,0557klkzk-narikuni@manappuram.com,WORK ANNIVERSARY,
56883,BABY BAGDI,21-DEC-2010,8509239755,0914wbbdn-durgapur@manappuram.com,WORK ANNIVERSARY,
56917,RESMI KP,21-DEC-2010,9995536702,0724klenk-poothotta@manappuram.com,WORK ANNIVERSARY,
56921,SUJITH KUMAR K S,21-DEC-2010,09947700877,56921@manappuram.com,WORK ANNIVERSARY,
56927,MANDA APARNA,21-DEC-2010,7095949621,1857apkmm-gandhichowk@manappuram.com,WORK ANNIVERSARY,
84247,SWAGATIKA MOHAPATRA,21-DEC-2011,7978454672,1865orkrd-jatnikhurda@manappuram.com,WORK ANNIVERSARY,
84272,NEETHU PP,21-DEC-2011,8606701436,84272@manappuram.com,WORK ANNIVERSARY,
300937,NEELAKANTAM DURGABHAVANI,21-DEC-2012,8500402757,1598appkm-perala@manappuram.com,WORK ANNIVERSARY,
300947,SREENADH .V,21-DEC-2012,9037137525,300947@manappuram.com,WORK ANNIVERSARY,
300979,VAISHALI SHARADPURI GOSAVI,21-DEC-2012,9657284391,ahdhule@manappuram.com,WORK ANNIVERSARY,
300979,VAISHALI SHARADPURI GOSAVI,21-DEC-2012,9657284391,1354mhnsk-shivajinagar@manappuram.com,WORK ANNIVERSARY,
317947,GOPAL SHARMA,21-DEC-2015,9981068886,3334mpnmc-tagoremarg@manappuram.com,WORK ANNIVERSARY,
317963,SANDHYA KURMI,21-DEC-2015,9907977595,1446cgkrb-powerhouseroad@manappuram.com,WORK ANNIVERSARY,
338998,MONA RAJANI,21-DEC-2017,9993258622,ahdewas@manappuram.com,WORK ANNIVERSARY,
338998,MONA RAJANI,21-DEC-2017,9993258622,1466mpdws-dewas@manappuram.com,WORK ANNIVERSARY,
339006,G RAGHAVENDRA,21-DEC-2017,9886198414,2888kadvg-pbrddavangare@manappuram.com,WORK ANNIVERSARY,
339012,NEETHU SAMBHASIVAN,21-DEC-2017,9847236127,2985klkot-panachikkapara@manappuram.com,WORK ANNIVERSARY,
359882,ANIL,21-DEC-2020,9535414108,3624kasnd-karatagi@manappuram.com,WORK ANNIVERSARY,
360003,ANKUSH,21-DEC-2020,9758168755,ahdelhi-16@manappuram.com,WORK ANNIVERSARY,
360003,ANKUSH,21-DEC-2020,9758168755,0088upgbn-noida@manappuram.com,WORK ANNIVERSARY,
359996,VINOD KUMAR PRAJAPAT,21-DEC-2020,9694204306,1346rjtnk-deolitonk@manappuram.com,WORK ANNIVERSARY,
354996,MADETI RAJESH ,21-DEC-2019,7032578813,3822chbil-akaltara@manappuram.com,WORK ANNIVERSARY,
360029,ANOOP KHARE,21-DEC-2020,8964907290,3580upjni-civillinejhansi@manappuram.com,WORK ANNIVERSARY,
360037,BALAMURUGAN S,21-DEC-2020,9087159939,2836tnerd-chennimalai@manappuram.com,WORK ANNIVERSARY,
360009,RAJESH VISHWAKARMA,21-DEC-2020,9584147495,0795mpbpl-newmarketsite@manappuram.com,WORK ANNIVERSARY,
354989,KADARI NARESH  ,21-DEC-2019,9505002699,ahsuryapet@manappuram.com,WORK ANNIVERSARY,
354989,KADARI NARESH  ,21-DEC-2019,9505002699,1435apngd-suryapet@manappuram.com,WORK ANNIVERSARY,
360018,MITHUN,21-DEC-2020,7259331004,3005kaudu-koteshwara@manappuram.com,WORK ANNIVERSARY,
360004,DINDAYAL,21-DEC-2020,9813941364,2663hapnp-gtroad@manappuram.com,WORK ANNIVERSARY,
354992,GODUGU PRASHANTH  ,21-DEC-2019,9705941549,1323aphyu-indiranagar@manappuram.com,WORK ANNIVERSARY,
354876,IMRAN KHAN  ,21-DEC-2019,9520176365,ahdelhi8@manappuram.com,WORK ANNIVERSARY,
354876,IMRAN KHAN  ,21-DEC-2019,9520176365,2157dldlh-bholenathnagar@manappuram.com,WORK ANNIVERSARY,
